Classifier_ID,AUROC,allele_0,allele_1,Plate
2025_06_02_B18A8A10R1_P2T1_M19_A19,0.8144941581866147,CCM2_Val53Ile,CCM2,2025_06_02_B18A8A10R1_P2T1
2025_06_02_B18A8A10R1_P2T2_M19_A19,0.9581260771128307,CCM2_Val53Ile,CCM2,2025_06_02_B18A8A10R1_P2T2
2025_06_02_B18A8A10R1_P2T3_M19_A19,0.8998387195426202,CCM2_Val53Ile,CCM2,2025_06_02_B18A8A10R1_P2T3
2025_06_02_B18A8A10R1_P2T4_M19_A19,0.9594302637853576,CCM2_Val53Ile,CCM2,2025_06_02_B18A8A10R1_P2T4
2025_06_03_B19A8A10R1_P2T1_M19_A19,0.9428905310190755,CCM2_Val53Ile,CCM2,2025_06_03_B19A8A10R1_P2T1
2025_06_04_B19A8A10R1_P2T2_M19_A19,0.9875880971025842,CCM2_Val53Ile,CCM2,2025_06_04_B19A8A10R1_P2T2
2025_06_04_B19A8A10R1_P2T3_M19_A19,0.9500631024945624,CCM2_Val53Ile,CCM2,2025_06_04_B19A8A10R1_P2T3
2025_06_04_B19A8A10R1_P2T4_M19_A19,0.9772815444033329,CCM2_Val53Ile,CCM2,2025_06_04_B19A8A10R1_P2T4
2025_06_02_B18A8A10R1_P2T1_C23_A19,0.9928611176562007,CCM2_Val53Ile,CCM2,2025_06_02_B18A8A10R1_P2T1
2025_06_02_B18A8A10R1_P2T2_C23_A19,0.9955606593191144,CCM2_Val53Ile,CCM2,2025_06_02_B18A8A10R1_P2T2
2025_06_02_B18A8A10R1_P2T3_C23_A19,0.9945554346906085,CCM2_Val53Ile,CCM2,2025_06_02_B18A8A10R1_P2T3
2025_06_02_B18A8A10R1_P2T4_C23_A19,0.9972935820029732,CCM2_Val53Ile,CCM2,2025_06_02_B18A8A10R1_P2T4
2025_06_03_B19A8A10R1_P2T1_C23_A19,0.963697996918336,CCM2_Val53Ile,CCM2,2025_06_03_B19A8A10R1_P2T1
2025_06_04_B19A8A10R1_P2T2_C23_A19,0.9802476424764248,CCM2_Val53Ile,CCM2,2025_06_04_B19A8A10R1_P2T2
2025_06_04_B19A8A10R1_P2T3_C23_A19,0.9876447450522099,CCM2_Val53Ile,CCM2,2025_06_04_B19A8A10R1_P2T3
2025_06_04_B19A8A10R1_P2T4_C23_A19,0.9697888582273396,CCM2_Val53Ile,CCM2,2025_06_04_B19A8A10R1_P2T4
2025_06_02_B18A8A10R1_P2T1_M19_I21,0.959437025189924,CCM2_Val53Ile,CCM2,2025_06_02_B18A8A10R1_P2T1
2025_06_02_B18A8A10R1_P2T2_M19_I21,0.995476393629124,CCM2_Val53Ile,CCM2,2025_06_02_B18A8A10R1_P2T2
2025_06_02_B18A8A10R1_P2T3_M19_I21,0.9957778285534857,CCM2_Val53Ile,CCM2,2025_06_02_B18A8A10R1_P2T3
2025_06_02_B18A8A10R1_P2T4_M19_I21,0.9952057714379406,CCM2_Val53Ile,CCM2,2025_06_02_B18A8A10R1_P2T4
2025_06_03_B19A8A10R1_P2T1_M19_I21,0.993636851607866,CCM2_Val53Ile,CCM2,2025_06_03_B19A8A10R1_P2T1
2025_06_04_B19A8A10R1_P2T2_M19_I21,0.9983812446082939,CCM2_Val53Ile,CCM2,2025_06_04_B19A8A10R1_P2T2
2025_06_04_B19A8A10R1_P2T3_M19_I21,0.9974121110464519,CCM2_Val53Ile,CCM2,2025_06_04_B19A8A10R1_P2T3
2025_06_04_B19A8A10R1_P2T4_M19_I21,0.9981488454577477,CCM2_Val53Ile,CCM2,2025_06_04_B19A8A10R1_P2T4
2025_06_02_B18A8A10R1_P2T1_C23_I21,0.9976371601245951,CCM2_Val53Ile,CCM2,2025_06_02_B18A8A10R1_P2T1
2025_06_02_B18A8A10R1_P2T2_C23_I21,0.9993148868458275,CCM2_Val53Ile,CCM2,2025_06_02_B18A8A10R1_P2T2
2025_06_02_B18A8A10R1_P2T3_C23_I21,0.9995017547787177,CCM2_Val53Ile,CCM2,2025_06_02_B18A8A10R1_P2T3
2025_06_02_B18A8A10R1_P2T4_C23_I21,0.9997151786911014,CCM2_Val53Ile,CCM2,2025_06_02_B18A8A10R1_P2T4
2025_06_03_B19A8A10R1_P2T1_C23_I21,0.9905172249805019,CCM2_Val53Ile,CCM2,2025_06_03_B19A8A10R1_P2T1
2025_06_04_B19A8A10R1_P2T2_C23_I21,0.9967707154385519,CCM2_Val53Ile,CCM2,2025_06_04_B19A8A10R1_P2T2
2025_06_04_B19A8A10R1_P2T3_C23_I21,0.9986535748658519,CCM2_Val53Ile,CCM2,2025_06_04_B19A8A10R1_P2T3
2025_06_04_B19A8A10R1_P2T4_C23_I21,0.9952159158959345,CCM2_Val53Ile,CCM2,2025_06_04_B19A8A10R1_P2T4
