Cells_RadialDistribution_MeanFrac_GFP_7of10,Nuclei_Texture_Correlation_GFP_5_00_256,Nuclei_Correlation_RWC_GFP_DNA,Nuclei_Texture_Correlation_GFP_10_00_256,Nuclei_Texture_AngularSecondMoment_GFP_5_00_256,Cells_Granularity_3_GFP,Cytoplasm_RadialDistribution_FracAtD_GFP_2of10,Nuclei_Correlation_RWC_DNA_GFP,Nuclei_Texture_SumAverage_GFP_20_02_256,Nuclei_Texture_InverseDifferenceMoment_GFP_5_00_256,Cytoplasm_RadialDistribution_RadialCV_GFP_1of10,Nuclei_Texture_Correlation_GFP_20_02_256,Cytoplasm_RadialDistribution_FracAtD_GFP_8of10,Cells_RadialDistribution_RadialCV_GFP_9of10,Cytoplasm_RadialDistribution_MeanFrac_GFP_1of10,Nuclei_RadialDistribution_RadialCV_GFP_4of10,Nuclei_RadialDistribution_RadialCV_GFP_10of10,Cytoplasm_Correlation_RWC_GFP_DNA,Cytoplasm_Texture_Correlation_GFP_20_02_256,Cells_Correlation_RWC_GFP_DNA,Cytoplasm_Intensity_MaxIntensity_GFP,Cytoplasm_RadialDistribution_MeanFrac_GFP_8of10,Cells_Correlation_Correlation_DNA_GFP,Cytoplasm_Texture_Correlation_GFP_20_00_256,Nuclei_RadialDistribution_RadialCV_GFP_9of10,Cytoplasm_Texture_AngularSecondMoment_GFP_20_01_256,Cells_Texture_Correlation_GFP_20_03_256,Cells_RadialDistribution_FracAtD_GFP_8of10,Cells_RadialDistribution_RadialCV_GFP_1of10,Cells_RadialDistribution_RadialCV_GFP_3of10,Cytoplasm_Correlation_RWC_Mito_GFP,Cytoplasm_RadialDistribution_RadialCV_GFP_2of10,Nuclei_Granularity_1_GFP,Cytoplasm_Texture_SumAverage_GFP_20_03_256,Cells_RadialDistribution_RadialCV_GFP_8of10,Cells_Texture_Correlation_GFP_10_03_256,Cells_Texture_Correlation_GFP_20_00_256,Nuclei_Intensity_MassDisplacement_GFP,Nuclei_Correlation_K_GFP_DNA,Nuclei_Correlation_RWC_GFP_AGP,Cells_Correlation_RWC_DNA_GFP,Cells_RadialDistribution_RadialCV_GFP_6of10,Cytoplasm_Granularity_2_GFP,Nuclei_Texture_Correlation_GFP_10_01_256,Cytoplasm_Texture_Correlation_GFP_20_03_256,Nuclei_Texture_Correlation_GFP_20_00_256,Cytoplasm_Granularity_1_GFP,Cells_RadialDistribution_RadialCV_GFP_10of10,Cytoplasm_Texture_AngularSecondMoment_GFP_10_01_256,Nuclei_RadialDistribution_MeanFrac_GFP_8of10,Cells_RadialDistribution_FracAtD_GFP_9of10,Nuclei_Correlation_Correlation_DNA_GFP,Cells_RadialDistribution_MeanFrac_GFP_6of10,Cells_Intensity_LowerQuartileIntensity_GFP,Cytoplasm_Correlation_RWC_AGP_GFP,Nuclei_Granularity_2_GFP,Nuclei_Correlation_RWC_AGP_GFP,Nuclei_Texture_Correlation_GFP_5_02_256,Nuclei_Correlation_RWC_Mito_GFP,Nuclei_Texture_DifferenceVariance_GFP_20_03_256,Nuclei_RadialDistribution_FracAtD_GFP_9of10,Cytoplasm_Correlation_Correlation_DNA_GFP,Cells_RadialDistribution_RadialCV_GFP_2of10,Cytoplasm_RadialDistribution_RadialCV_GFP_10of10,Nuclei_Correlation_RWC_GFP_Mito,Cytoplasm_Texture_Correlation_GFP_10_01_256,Cytoplasm_RadialDistribution_MeanFrac_GFP_10of10,Nuclei_RadialDistribution_FracAtD_GFP_5of10,Cytoplasm_Texture_Correlation_GFP_20_01_256,Cells_Granularity_4_GFP,Cells_RadialDistribution_MeanFrac_GFP_1of10,Nuclei_Texture_InverseDifferenceMoment_GFP_20_00_256,Nuclei_RadialDistribution_FracAtD_GFP_10of10,Nuclei_Correlation_Overlap_GFP_Mito,Cells_Texture_InverseDifferenceMoment_GFP_5_00_256,Cytoplasm_Intensity_MinIntensityEdge_GFP,Cytoplasm_Texture_Correlation_GFP_10_00_256,Cells_RadialDistribution_MeanFrac_GFP_9of10,Cytoplasm_RadialDistribution_FracAtD_GFP_10of10,Nuclei_RadialDistribution_FracAtD_GFP_3of10,Nuclei_Texture_Correlation_GFP_20_03_256,Cytoplasm_Texture_Correlation_GFP_5_01_256,Nuclei_Correlation_K_GFP_Mito,Cytoplasm_Correlation_RWC_DNA_GFP,Cytoplasm_RadialDistribution_MeanFrac_GFP_9of10,Nuclei_Correlation_Overlap_DNA_GFP,Cells_Texture_Correlation_GFP_5_01_256,Cytoplasm_Correlation_RWC_GFP_AGP,Nuclei_RadialDistribution_RadialCV_GFP_2of10,Cells_RadialDistribution_MeanFrac_GFP_8of10,Nuclei_RadialDistribution_RadialCV_GFP_3of10,Nuclei_RadialDistribution_FracAtD_GFP_1of10,Cells_Texture_InfoMeas2_GFP_5_00_256,Nuclei_RadialDistribution_MeanFrac_GFP_1of10,Nuclei_Texture_SumAverage_GFP_5_02_256,Cells_Texture_Correlation_GFP_20_02_256,Cells_RadialDistribution_MeanFrac_GFP_5of10,Nuclei_Correlation_K_GFP_AGP,Nuclei_RadialDistribution_FracAtD_GFP_8of10,Cells_RadialDistribution_FracAtD_GFP_10of10,Cells_Texture_InfoMeas1_GFP_5_02_256,Nuclei_Texture_Correlation_GFP_10_03_256,Nuclei_Texture_Correlation_GFP_20_01_256,Cells_Correlation_Manders_GFP_Mito,Nuclei_RadialDistribution_RadialCV_GFP_1of10,Nuclei_RadialDistribution_MeanFrac_GFP_10of10,Cytoplasm_Texture_InverseDifferenceMoment_GFP_20_01_256,Cells_RadialDistribution_MeanFrac_GFP_10of10,Cytoplasm_Texture_Correlation_GFP_10_03_256,Nuclei_RadialDistribution_FracAtD_GFP_6of10,Cytoplasm_RadialDistribution_FracAtD_GFP_9of10,Nuclei_RadialDistribution_FracAtD_GFP_2of10,Cells_Texture_Correlation_GFP_20_01_256,Cells_RadialDistribution_FracAtD_GFP_7of10,Nuclei_RadialDistribution_MeanFrac_GFP_9of10,Cells_Intensity_MaxIntensityEdge_GFP,Cytoplasm_RadialDistribution_FracAtD_GFP_1of10,Nuclei_Correlation_Correlation_AGP_GFP,Cells_RadialDistribution_FracAtD_GFP_1of10,Nuclei_Correlation_Correlation_GFP_Mito,Cells_Texture_InfoMeas1_GFP_5_00_256,Cytoplasm_RadialDistribution_MeanFrac_GFP_7of10,Nuclei_Texture_Correlation_GFP_10_02_256,Cytoplasm_Correlation_RWC_GFP_Mito,Cytoplasm_Correlation_Correlation_AGP_GFP,Cytoplasm_Texture_Correlation_GFP_10_02_256,Nuclei_RadialDistribution_FracAtD_GFP_7of10,Cells_Texture_Correlation_GFP_10_00_256,Cytoplasm_RadialDistribution_FracAtD_GFP_7of10,Nuclei_Intensity_MaxIntensity_GFP,Cytoplasm_Correlation_Correlation_GFP_Mito,Nuclei_Correlation_Overlap_AGP_GFP,Cells_Intensity_MassDisplacement_GFP,Cells_Texture_Correlation_GFP_10_01_256,Cells_Texture_InverseDifferenceMoment_GFP_10_00_256,Cells_RadialDistribution_FracAtD_GFP_6of10,Nuclei_Intensity_MinIntensity_GFP,Cells_Texture_Correlation_GFP_10_02_256,Metadata_Feature_Type,Metadata_Control,Nuclei_Texture_InverseDifferenceMoment_GFP_20_01_256,Cells_Texture_DifferenceVariance_GFP_10_01_256,Cytoplasm_Texture_InverseDifferenceMoment_GFP_5_02_256,Cytoplasm_Intensity_MassDisplacement_GFP,Cytoplasm_Texture_InverseDifferenceMoment_GFP_10_00_256,Nuclei_Granularity_3_GFP,Nuclei_Intensity_MADIntensity_GFP,Cells_Texture_InverseDifferenceMoment_GFP_10_02_256,Nuclei_Texture_SumAverage_GFP_10_00_256,Nuclei_Texture_SumAverage_GFP_20_00_256,Cells_Texture_InfoMeas2_GFP_5_02_256,Cytoplasm_Texture_SumAverage_GFP_10_01_256,Cytoplasm_Texture_AngularSecondMoment_GFP_5_02_256
0.002733609,0.003419395,0.0047084643,0.0064991447,0.008690876,0.004624861,0.0038153597,0.004648548,0.0054715583,0.008262874,0.0037042429,0.0037651858,0.0039117746,0.00669494,0.0059790118,0.0045911144,0.006748879,0.016544253,0.0044727228,0.006490778,0.010804846,0.0024204308,0.014404445,0.0032350242,0.0068880734,0.0068170954,0.0042214603,0.003818492,0.0036651308,0.0037085004,0.016524347,0.003919625,0.011900513,0.016289309,0.007584836,0.004432753,0.003567455,0.005090413,0.014907895,0.005324139,0.0066890814,0.007004213,0.004835501,0.0043304027,0.0044762543,0.00426413,0.011195341,0.0034458132,0.00766106,0.0049465294,0.0039634807,0.0034617938,0.005204749,0.015219355,0.003589126,0.017249353,0.0057383045,0.005214473,0.0043959143,0.008638942,0.0063404245,0.0067892433,0.00396368,0.0035545637,0.006642014,0.0032365748,0.0051953713,0.0036086573,0.005194709,0.005612015,0.0090347985,0.0073556984,0.0047221673,0.007946849,0.018563695,0.10715111,0.0038101813,0.0051042363,0.004100003,0.0046340483,0.0043831407,0.0037575103,0.013654014,0.012549849,0.004243684,0.004432452,0.00482857,0.0076779434,0.0024115122,0.005896812,0.0040489947,0.0060323663,0.006552307,0.0032687734,0.0114013655,0.00365859,0.008339637,0.011731028,0.0054451274,0.0038447138,0.005747082,0.0042931354,0.0059183,0.011120158,0.0037618917,0.003877129,0.0052743307,0.008208661,0.004138058,0.004812804,0.005493987,0.0030258922,0.0025621487,0.0029896572,0.0035766915,0.021461455,0.0063901795,0.0067893593,0.0026086948,0.0037104688,0.0047178627,0.003281657,0.004885316,0.009722186,0.0055808765,0.002979759,0.004702778,0.003941862,0.0038662886,0.01088218,0.03419813,0.0058220965,0.005203716,0.00389507,0.012690973,0.006008907,0.010102891,0.0042126705,GFP,False,,,,,,,,,,,,,
0.0049544764,0.0058219316,0.0053018825,0.004424986,0.0071279323,0.003955083,0.006384084,0.0033681612,0.007160717,0.0094911605,0.003479341,0.0037190202,0.0037881448,0.004232377,0.0051788315,0.006192549,0.0072095655,0.013622326,0.004116447,0.007197144,0.009653155,0.004208335,0.015610488,0.0027034057,0.0076728086,0.0069603603,0.003326514,0.00632569,0.00420324,0.004036586,0.012946346,0.004683191,0.009824614,0.012453742,0.010649951,0.0040793577,0.004032938,0.005320897,0.011570412,0.0050800415,0.005305404,0.0045768414,0.0046967086,0.0047807093,0.0028081685,0.0041616093,0.009745583,0.0043256753,0.015544419,0.0061206203,0.0063962415,0.0055775116,0.0036756496,0.01682003,0.004669848,0.016260406,0.0053555095,0.0039628623,0.0063833795,0.0042775786,0.0069345366,0.006908349,0.005459741,0.0058616577,0.0082758805,0.0045376015,0.008828157,0.004411556,0.004670031,0.005644815,0.0046532745,0.0058162054,0.006257774,0.0072746566,0.017097857,0.08246406,0.0045796847,0.0045921253,0.00609411,0.004516717,0.0043244283,0.0032182145,0.0152679095,0.01071199,0.005431527,0.0056050317,0.004479346,0.006015901,0.0039853523,0.009378293,0.004319286,0.003687738,0.007743754,0.0035848103,0.010244829,0.0048894132,0.009303733,0.009979144,0.004189236,0.0027737096,0.0042268215,0.005463386,0.0058309585,0.009390106,0.0028913412,0.0076041594,0.009457503,0.01729276,0.004506719,0.0066768443,0.002943579,0.0039781597,0.0041823364,0.006649186,0.004806099,0.018161926,0.005440768,0.006710422,0.0041210614,0.0059018945,0.0034829073,0.0062228143,0.004001263,0.007708668,0.0048783934,0.0052117584,0.004177042,0.0032345857,0.0032773667,0.015912736,0.017636163,0.005745128,0.0041714897,0.004085262,0.011774045,0.009141826,0.014318404,0.0072587314,GFP,False,,,,,,,,,,,,,
0.0052525564,0.0041548787,0.0053595337,0.003967433,0.006065933,0.0065965806,0.003913098,0.004665899,0.00599322,0.009537032,0.0039617396,0.003598845,0.0054043164,0.0050388696,0.005406811,0.004412429,0.005334431,0.012256089,0.0044993535,0.0070865043,0.008479558,0.003396444,0.019850632,0.0053635817,0.0067153424,0.0072784843,0.0034885649,0.0065433783,0.0048100166,0.004824931,0.017111253,0.0034459457,0.013345988,0.014961338,0.008320392,0.004656416,0.005581445,0.005383245,0.013260736,0.0038770728,0.0066460487,0.005054145,0.0033746627,0.007478144,0.00585611,0.0031072528,0.011846827,0.003997587,0.014522018,0.004766394,0.004667002,0.006058818,0.0039103,0.013913432,0.003289223,0.010243101,0.006360502,0.0037043625,0.004110502,0.005914993,0.0031619684,0.007749428,0.0048241136,0.0058218427,0.006080557,0.00459171,0.0046614506,0.004131382,0.0058988086,0.0057273973,0.007009733,0.004630814,0.0031050513,0.009906958,0.018699603,0.09658395,0.0040243054,0.004518808,0.004119223,0.00206122,0.0046084984,0.0040351637,0.014289748,0.011058436,0.0024939394,0.00523224,0.005328769,0.006591054,0.0045711147,0.008668993,0.0031633265,0.0039063664,0.006523278,0.005984116,0.013079663,0.0051799,0.0055974848,0.008876489,0.005014671,0.0048201634,0.006897054,0.006000869,0.0031418712,0.008976946,0.0035796966,0.0056227446,0.011091597,0.012679889,0.003943372,0.0041195285,0.004852201,0.003878207,0.0050180103,0.003545649,0.004752039,0.02198752,0.005426863,0.0050031445,0.006207195,0.0058284206,0.0054773577,0.0035728242,0.0040332195,0.004798772,0.008393987,0.004895459,0.0042320257,0.004610039,0.004337486,0.011123376,0.021180198,0.004152431,0.0040149237,0.004345985,0.018087072,0.0060321507,0.011784419,0.004021964,GFP,False,,,,,,,,,,,,,
0.0035740342,0.0037643022,0.0041269567,0.010049549,0.004307434,0.004669208,0.003544438,0.005388203,0.0061613205,0.0064102956,0.00393485,0.0051935846,0.0038900098,0.0047192355,0.010003345,0.00634844,0.004799668,0.012576465,0.0047736582,0.0066804145,0.009516739,0.0045216014,0.017855054,0.0031101352,0.0064337207,0.009727882,0.0053938,0.0058158822,0.004944083,0.0026431908,0.014556688,0.004682556,0.011485265,0.014679768,0.0099505,0.004871164,0.0058364724,0.0040702512,0.016539719,0.004762326,0.007640475,0.0058969697,0.0048769824,0.005056004,0.004396912,0.0033644254,0.011093811,0.0049973954,0.017385002,0.0052124993,0.004185872,0.004652028,0.0055848486,0.013022278,0.004532747,0.015138276,0.0039738943,0.0050437376,0.004617515,0.005505103,0.0034146218,0.013994798,0.0033227294,0.0037632356,0.0063190493,0.0024816864,0.0077093286,0.0041777557,0.0050631664,0.005636408,0.0047860616,0.005851791,0.0053095007,0.0070246654,0.014955696,0.08381628,0.0042966017,0.0047873026,0.006245796,0.006305562,0.0043626977,0.00406065,0.013497047,0.01079328,0.003763902,0.008792538,0.006587926,0.0062546246,0.004202034,0.009176708,0.0046411096,0.005283732,0.007985268,0.003884925,0.009216858,0.003773432,0.0048444616,0.009243566,0.004030352,0.0050733886,0.0061342046,0.0050299903,0.0066086226,0.0064472887,0.0045707556,0.0061175716,0.0066663376,0.012944102,0.00497698,0.004807678,0.0049704798,0.0046413145,0.00429836,0.0044458066,0.0043435707,0.01862127,0.0054672635,0.00807658,0.004297247,0.0037192756,0.003211099,0.0041236496,0.0048216805,0.009560388,0.0077145654,0.0054529486,0.003089649,0.00490222,0.0040204437,0.012636995,0.017787293,0.006806424,0.0040984317,0.0062500006,0.013093105,0.0047061034,0.012999332,0.006321428,GFP,False,,,,,,,,,,,,,
0.004912047,0.003286407,0.0033039101,0.0032441756,0.0062142326,0.004345596,0.0017505058,0.0027593402,0.0028335825,0.0032122715,0.003022438,0.0045271716,0.0021463772,0.004304652,0.0043775006,0.0029570048,0.0015481111,0.025628354,0.00299825,0.009234415,0.016101178,0.0014084817,0.00720405,0.0029838237,0.004774821,0.00719906,0.002666968,0.0027920355,0.0042395373,0.0046573733,0.014821525,0.0012184082,0.013345768,0.034182183,0.005295698,0.004436832,0.006033199,0.0016164378,0.008987949,0.0024890031,0.008045276,0.0026013246,0.0032278267,0.0039946283,0.0021796064,0.0015362395,0.007375015,0.0035662705,0.0067506726,0.0024860976,0.005314968,0.0020077447,0.008150909,0.018448962,0.003708334,0.003347765,0.0038178386,0.004763062,0.0034387324,0.018124705,0.0022573762,0.004584562,0.0037069246,0.0028738102,0.0026987845,0.0018298808,0.0027683384,0.0021627322,0.0039505265,0.004290268,0.009137336,0.0034908769,0.002072458,0.003133949,0.015116466,0.25630006,0.0023362655,0.005804069,0.003655618,0.0018543407,0.0011218496,0.0056086225,0.004429761,0.016206214,0.002194578,0.0020055545,0.0034323917,0.0043084514,0.004690303,0.0026373758,0.0027652457,0.0016213045,0.008353488,0.0028328463,0.0057196105,0.0018836553,0.019511769,0.012182937,0.0022250721,0.0139898835,0.0046881335,0.005374746,0.0029009297,0.002252652,0.002680208,0.00263579,0.00777043,0.003997921,0.0024128591,0.0022334885,0.002622678,0.003331869,0.0025003075,0.0037393502,0.002579514,0.046504475,0.0038249842,0.0017029546,0.0025394508,0.003008744,0.0060631917,0.004044411,0.0032337946,0.0019669475,0.002910497,0.002976477,0.0013972014,0.0032111977,0.0023440109,0.015264119,0.0074308584,0.002375878,0.0025064233,0.0032628279,0.013792772,0.002290983,0.0043960596,0.0035386728,GFP,False,,,,,,,,,,,,,
0.0027743548,0.0018194731,0.0042614117,0.0043075127,0.01078572,0.0022948312,0.0027157262,0.0036105718,0.0016281109,0.0076510725,0.0027459008,0.005192152,0.0030517704,0.0051654936,0.0045164893,0.0032535947,0.005322687,0.023062676,0.0026570007,0.014551318,0.013022171,0.0030071603,0.011447145,0.0023841073,0.004089738,0.013559686,0.0042889873,0.003942808,0.003984718,0.003972612,0.013176693,0.0026481044,0.011755107,0.013864793,0.0045931013,0.005079296,0.0014565123,0.0026729708,0.008119948,0.004652341,0.009195682,0.0021813738,0.0025966822,0.00306564,0.0053328155,0.0010470751,0.0073120743,0.0049881767,0.012826391,0.005468957,0.0034467245,0.0069950256,0.010797346,0.016967634,0.0056397975,0.004207678,0.004300701,0.0015850172,0.0038658474,0.0009934505,0.0048554023,0.0110176485,0.0032435718,0.0055065188,0.0057654255,0.001983603,0.0018442234,0.0075157466,0.0036326223,0.0064004874,0.009086635,0.0047664917,0.0022932712,0.002331764,0.012121208,0.25110486,0.0011750322,0.0026304198,0.0042207846,0.0021216911,0.0017122214,0.0025811726,0.005158842,0.01515077,0.0020725552,0.0038661463,0.0026641542,0.004583172,0.0023314017,0.0027459196,0.0027287514,0.0028470154,0.009299295,0.0042638048,0.014997524,0.00087459455,0.014206062,0.010763738,0.0035469779,0.0038996155,0.0031833805,0.0052657546,0.0018650694,0.010870339,0.0014699158,0.0026631977,0.0069297887,0.008788749,0.0011609821,0.0019430377,0.0027475588,0.0025306337,0.0028203798,0.000584906,0.0037704916,0.038159616,0.0027717585,0.0037874088,0.0019308578,0.007411415,0.0026056494,0.005011711,0.00083490525,0.0042069415,0.002902956,0.0035911177,0.001967049,0.0009389371,0.0021809551,0.007899794,0.007068054,0.0026050217,0.0069716885,0.0043407176,0.015341802,0.0032703069,0.004693411,0.0031027764,GFP,False,,,,,,,,,,,,,
0.0046360614,0.0020803788,0.0051008565,0.0035653075,0.011165246,0.0025720978,0.0036147172,0.0026076655,0.0015110248,0.0052609453,0.0027436295,0.005263602,0.0033151503,0.0027535525,0.00405553,0.0016777224,0.0018647346,0.02183225,0.0027222137,0.012530495,0.013910501,0.0050419387,0.012318983,0.0028018057,0.00391011,0.01002027,0.0042047114,0.0034492605,0.0031665904,0.0017922282,0.010731235,0.0025939262,0.010904513,0.017427236,0.003628466,0.004355852,0.0030473862,0.0023318566,0.010022798,0.0017391695,0.008841536,0.0020456598,0.00433462,0.0071121785,0.0022589096,0.0011068763,0.0065204687,0.001400459,0.009072629,0.0047562476,0.0038039037,0.004282241,0.0050529116,0.017044079,0.0030810894,0.0029758285,0.0044962023,0.0033994552,0.0022901592,0.003673191,0.002285852,0.00622178,0.0028649187,0.0034466314,0.00339995,0.007029864,0.0039984486,0.0023172228,0.0061941864,0.0061482163,0.009699766,0.005158262,0.0068682944,0.0039729467,0.015165273,0.2709877,0.0017192723,0.0045700404,0.0034939314,0.0014188294,0.0059462055,0.006217558,0.0042095603,0.012248285,0.002716179,0.003304148,0.0038557793,0.0038403885,0.0015083544,0.0035648576,0.0025839105,0.0025446375,0.007826881,0.008443039,0.0054990123,0.0029048407,0.0077021434,0.008335249,0.0014770129,0.0023178114,0.0041549727,0.0026518183,0.0052692923,0.00895481,0.0015617859,0.0017242382,0.007407401,0.007957378,0.0013320685,0.0024828035,0.0019292273,0.002695615,0.003521051,0.004608072,0.0023288291,0.047326945,0.0033685078,0.006405459,0.0024436202,0.0042736223,0.003822927,0.0024765055,0.0011082074,0.0040544625,0.0024353892,0.0058506876,0.0017183215,0.0013055941,0.0030965772,0.013329524,0.012777658,0.0031942343,0.0031342634,0.005792393,0.0124659,0.0038175608,0.005072546,0.0023218903,GFP,False,,,,,,,,,,,,,
0.0035933538,0.0020579586,0.0054663024,0.0026699658,0.01061186,0.001274179,0.002073154,0.003681414,0.0029490779,0.004754179,0.0029655923,0.0019947507,0.0037965884,0.0047583845,0.0025759835,0.0020620006,0.00528818,0.026434839,0.0015663056,0.019784128,0.014508076,0.002187844,0.012577012,0.0029880747,0.004005287,0.0058419732,0.0027552324,0.0022083507,0.0025247713,0.0021896227,0.015054236,0.0046067345,0.011620615,0.021645583,0.003154937,0.004536424,0.0045282687,0.0034569188,0.010128985,0.0037972112,0.010173542,0.003066655,0.0032592206,0.0018539953,0.0017220215,0.0031819502,0.007915894,0.0038498542,0.016552826,0.0028812313,0.0034254857,0.0026293837,0.004911899,0.017577602,0.0042443937,0.0038953098,0.004044463,0.0040551466,0.0065678796,0.0027961894,0.0058704554,0.007357589,0.006222161,0.0035076232,0.0033524048,0.003170013,0.003164689,0.0025335143,0.0019701284,0.004410587,0.004526542,0.004113177,0.0036686144,0.0018970462,0.019835716,0.2536137,0.002236821,0.0055452297,0.0042628357,0.004066292,0.0035570234,0.0024562082,0.0041196346,0.01538457,0.0026726385,0.003290693,0.0032520061,0.0040403116,0.0038147757,0.0033051544,0.0039628763,0.002164267,0.005276064,0.0034124625,0.013113464,0.002120639,0.015745154,0.011798606,0.002430511,0.0043628654,0.0053411867,0.0030990273,0.0028600947,0.008884575,0.002547263,0.003476738,0.004948602,0.0063378178,0.0011861749,0.0022337295,0.0039109215,0.003449056,0.002046177,0.0026433778,0.0029966033,0.05053541,0.002232491,0.003048205,0.00162582,0.0032585075,0.0048071193,0.0015662789,0.0026354773,0.001649351,0.0032209228,0.0035701313,0.0020879728,0.0041627856,0.004865613,0.0066059814,0.0052237115,0.0042835763,0.0027481539,0.0043203915,0.011923801,0.005229035,0.002675179,0.0028783665,GFP,False,,,,,,,,,,,,,
0.0028154321,0.006458571,0.002571351,0.0022654808,0.0037044017,0.0042323675,0.0062875072,0.0061157346,0.0018324149,0.005079974,0.0035772303,0.0077583934,0.0031098109,0.007871541,0.008243663,0.002565712,0.0028032623,0.020710167,0.0038767513,0.008021148,0.008766057,0.002598147,0.006912776,0.0018470215,0.0033913592,0.0056300936,0.0033834868,0.0051159128,0.0030251169,0.0022565208,0.018687893,0.0039187036,0.009850591,0.022665892,0.004460745,0.002787282,0.0034216,0.002540613,0.009146906,0.003779856,0.0068606525,0.0032538702,0.003542041,0.0012267663,0.0018876769,0.0039745956,0.0060022725,0.00502267,0.007640785,0.0041913036,0.004723543,0.0016322966,0.0063557397,0.011358748,0.0020593998,0.0015059481,0.001968407,0.001931795,0.010379859,0.0024084782,0.0012780693,0.0022709838,0.002593423,0.004463205,0.0074845175,0.0073466925,0.0020254639,0.0007320234,0.003399049,0.0049093976,0.009742237,0.004829361,0.0012364504,0.0040981537,0.023441788,0.18969141,0.0031860408,0.0035959976,0.002512776,0.0025342966,0.0011658786,0.003508348,0.012454147,0.018069994,0.0013882156,0.006129633,0.0020299912,0.0057604085,0.0043840604,0.0072347154,0.00093222724,0.0052075284,0.038633298,0.0038002757,0.0047043487,0.0035181567,0.00813672,0.022121876,0.0042699515,0.0067121214,0.0066721817,0.0035760952,0.0021569417,0.0076011275,0.002026822,0.0014746101,0.014560378,0.010049366,0.00271176,0.0023366609,0.0022264842,0.000958344,0.0025158993,0.0012110631,0.0022811827,0.04331725,0.002695948,0.004950079,0.0048819347,0.0065093595,0.013770211,0.0029641103,0.005052299,0.0071630855,0.002620222,0.0029047441,0.0032451306,0.0051789074,0.001078015,0.0073283836,0.025830705,0.0047235023,0.0036029944,0.0021799388,0.007241501,0.008532068,0.004096382,0.004226684,GFP,False,,,,,,,,,,,,,
0.0019579509,0.0028837544,0.0031122612,0.0028750026,0.005892817,0.0035920646,0.0041586673,0.0022714068,0.005950403,0.0087216385,0.0020702316,0.0040312246,0.0025451225,0.0035850713,0.0058631413,0.0029766427,0.0041621346,0.020243792,0.0042435015,0.00897383,0.008080696,0.005836209,0.008236672,0.0042343894,0.005414266,0.0064652483,0.0040670712,0.0069273715,0.0038035996,0.0037557972,0.021111751,0.005097637,0.013841458,0.024276298,0.0077916463,0.0033366564,0.00666142,0.004073751,0.0075162333,0.004435845,0.013696056,0.004002299,0.0024241828,0.002706158,0.0040080566,0.003122266,0.0057229465,0.006624395,0.0060574026,0.0037386138,0.0068737287,0.0039361496,0.0040868,0.014569387,0.007271636,0.00703278,0.00274062,0.0035190964,0.00946006,0.002528046,0.003425428,0.007986561,0.0020562191,0.0049485974,0.0057395524,0.002720949,0.0027369147,0.0043259826,0.0023448132,0.005391065,0.0036251904,0.0042031067,0.0023024138,0.0030335048,0.022286642,0.1901615,0.0054851715,0.0037997395,0.004776287,0.006977887,0.0023591435,0.0039893505,0.011715669,0.018813789,0.0033589045,0.005218284,0.0070481906,0.003273801,0.0034467354,0.004221478,0.0054129176,0.004347139,0.0048210537,0.006178663,0.0045955605,0.0022024685,0.0044200458,0.012767581,0.0039847563,0.0042258585,0.0045122975,0.003412142,0.0017184019,0.0044750827,0.0029473456,0.0036530436,0.0038693394,0.02271333,0.001998611,0.004513898,0.002590319,0.0031436547,0.0027165033,0.0041512735,0.0031579544,0.050994005,0.0050101923,0.0036954696,0.0040308423,0.002935497,0.008715114,0.0024044567,0.0020636118,0.002148002,0.0051412624,0.001867736,0.0023279763,0.003433095,0.0038698055,0.0051526055,0.009266563,0.0038110723,0.0051009087,0.0051125893,0.013312238,0.009185293,0.00549861,0.00142564,GFP,False,,,,,,,,,,,,,
0.005260192,0.0024936872,0.0027191027,0.003931924,0.0055857943,0.00628148,0.0051949895,0.0039714365,0.0017302517,0.007842181,0.0027244457,0.005097535,0.0017187325,0.0082010105,0.005298792,0.0050428943,0.0044750916,0.017111318,0.0015053927,0.011305862,0.011594391,0.004833787,0.0192795,0.0017649564,0.0021395886,0.00755241,0.0044800574,0.0056006582,0.0031779166,0.0038786624,0.018955002,0.0024200343,0.011053989,0.015732989,0.005556462,0.0026026824,0.003996134,0.0030440954,0.0074811555,0.0039484734,0.011106501,0.006989778,0.0021359893,0.0015942537,0.001833024,0.0029225016,0.0065058786,0.005988402,0.022655051,0.003305781,0.004385192,0.0040641907,0.0026830207,0.009830583,0.006486625,0.0040007685,0.0020663117,0.004332124,0.009871449,0.0018325944,0.0015528329,0.0073482073,0.0034367042,0.0070489203,0.009773603,0.006248319,0.0104101645,0.0039727264,0.0051442683,0.006131268,0.0071390467,0.0013089735,0.0059609567,0.002694671,0.013635029,0.1791052,0.00432976,0.005195147,0.0023147825,0.0026807636,0.0032644444,0.0032977297,0.013349145,0.015581284,0.0022648121,0.004254408,0.0069758296,0.0032910672,0.002088756,0.0054721334,0.0031645307,0.0031194047,0.014265187,0.003448223,0.006637908,0.0027964122,0.008213068,0.011430396,0.0050035915,0.0032012775,0.0039834846,0.0046534985,0.0024428358,0.00852013,0.003799297,0.004658884,0.0033810255,0.021557854,0.0070666345,0.002858789,0.0029991178,0.005336614,0.004486493,0.0025321143,0.0041694213,0.038254682,0.006621399,0.0046417415,0.0057352013,0.0030145745,0.003818636,0.0031755804,0.002999143,0.0034529867,0.006986999,0.0032832199,0.0033371346,0.0062810415,0.0034328634,0.008989841,0.01953351,0.0039488995,0.002849233,0.002776274,0.006293195,0.0033165857,0.004684696,0.0024002893,GFP,False,,,,,,,,,,,,,
0.0016880764,0.007027474,0.002403608,0.003759155,0.005317898,0.0033619686,0.0041293786,0.0039670006,0.0020893628,0.0061233435,0.0037779287,0.003932995,0.005238432,0.0037110162,0.0055612195,0.0026771019,0.0050838976,0.016746411,0.0030524072,0.009760806,0.006678901,0.0032654374,0.018545115,0.0017686826,0.006149063,0.0058057546,0.0024722314,0.006855194,0.0030718623,0.004121193,0.02151905,0.0028083476,0.0125011755,0.017587904,0.0047946335,0.0036344386,0.004927716,0.0027273332,0.003686714,0.0033115747,0.007412848,0.0033931278,0.0023385542,0.002506621,0.002312479,0.0025476285,0.008779036,0.0051415614,0.015164771,0.0026806842,0.0033750122,0.00786204,0.002696247,0.006370474,0.007035855,0.0029976321,0.004525794,0.0034507888,0.010816814,0.0038218524,0.0025992922,0.0072562485,0.003765393,0.0056426767,0.006685134,0.002735497,0.0042070127,0.0034211883,0.005948784,0.008703326,0.0064303516,0.0020787707,0.007837969,0.0048217634,0.019399125,0.18846889,0.0019707542,0.0047756424,0.002977276,0.00096921,0.001661133,0.002405544,0.0155811645,0.014560284,0.0034888992,0.005414284,0.0014641811,0.007056343,0.002773832,0.0035039117,0.0021519817,0.0025382745,0.028815411,0.0061130757,0.009185,0.0060237604,0.0032424016,0.0060164155,0.0056779957,0.0044458616,0.0052665095,0.00365101,0.0012900378,0.005849575,0.0052998653,0.0037153459,0.006091015,0.021145482,0.0051433607,0.0015634362,0.004568939,0.0054592816,0.003543857,0.0045980974,0.0062627248,0.05047464,0.00306964,0.0025855768,0.004457968,0.0020182137,0.0026248097,0.003757257,0.0037097035,0.002813484,0.007741822,0.005872037,0.0028776785,0.0036056836,0.0024024716,0.008793726,0.01064594,0.0049268613,0.0038521383,0.0034965235,0.013728436,0.0019324996,0.003965253,0.0035134575,GFP,False,,,,,,,,,,,,,
0.004536704,0.002304277,0.004643264,0.001629161,0.0026671384,0.018470274,0.0007924332,0.0125800725,0.001499886,0.006253901,0.0014096176,0.0029156436,0.0031235558,0.0035518594,0.0035868948,0.0016859444,0.0011902064,0.018852873,0.0024888774,0.004986263,0.010729843,0.0023427426,0.0054825377,0.0020653598,0.00044565054,0.003447898,0.0018045341,0.0036233133,0.0038462984,0.0035887873,0.014520951,0.0037882412,0.0066500804,0.022965226,0.0035684626,0.00021265577,0.0045116995,0.004687614,0.0018247087,0.0043666987,0.0032246402,0.0006703805,0.0016694743,0.0012623806,0.000433131,0.0024826115,0.004377097,0.0014803055,0.016689146,0.0013003978,0.0023601959,0.0007891889,0.003696714,0.008683174,0.0035579493,0.002895191,0.00092230184,0.0019908827,0.0049115284,0.0062159016,0.0049323295,0.0042033917,0.0015051353,0.008380047,0.0073955203,0.0021342882,0.0006141561,0.000812012,0.0008982539,0.0021178094,0.0035825304,0.00261494,0.00055926276,0.00083662,0.0140165575,0.36234522,0.003022562,0.0025003033,0.0014579115,0.00047486977,0.0020145692,0.000716113,0.0074416273,0.017961526,0.0018334768,0.0036037513,0.005193618,0.0074812076,0.0011999438,0.010114849,0.02451223,0.0028116708,0.011859269,0.006280621,0.0009952214,0.0071292645,0.014547614,0.0030452716,0.00027343494,0.0065620337,0.0018836085,0.0005014074,0.0022864433,0.0024881107,0.0020654304,0.0019533026,0.01519584,0.003581001,0.0009854267,0.00095813244,0.0019217096,0.000118545926,0.009434549,0.012981093,0.0031502724,0.038338967,0.0018118591,0.0047061746,0.0010758375,0.0029422732,0.0,0.0028573235,0.002722305,0.003704443,0.0019406867,0.0014416636,0.0041073873,0.008761936,0.0004412778,0.010271244,0.005432561,0.0014690898,0.0006383737,0.0020712556,0.0029058866,0.0,0.0075755683,0.002043248,GFP,False,,,,,,,,,,,,,
0.0021317007,0.0060605314,0.0020864974,0.002962012,0.0031403443,0.0036274344,0.0033622116,0.006084953,0.0028047021,0.002098963,0.0027178195,0.0055174553,0.00040291442,0.0029243443,0.006275642,0.0030234063,0.0043492876,0.024787785,0.0024152459,0.0070944354,0.009693385,0.0013665968,0.0037379295,0.0026584093,0.003327482,0.0022655095,0.0017751592,0.0008748705,0.0062526516,0.001539606,0.024837486,0.0012870816,0.010862367,0.010883822,0.0043985997,0.0024081352,0.00629538,0.0034091147,0.0049503106,0.0029106175,0.003715132,0.0009312171,0.0034444006,0.0036303548,0.00094150536,0.00071495003,0.0035532496,0.00095782476,0.013193907,0.0024151562,0.010395043,0.0016857504,0.0033625267,0.0040393993,0.0019406223,0.0044100815,0.0006143515,0.003320255,0.0039054635,0.0008847338,0.015579643,0.00365095,0.0033157675,0.004855335,0.0071403636,0.0034546827,0.0028949615,0.0010283486,0.002307993,0.0028474682,0.0029811224,0.0020915712,0.001821255,0.003753755,0.019396476,0.38776654,0.00037487646,0.003546824,0.0027306243,0.002367646,0.004040829,0.0035136775,0.01342174,0.012217859,0.0025587354,0.0054638456,0.0075322683,0.0018936001,0.002338546,0.0026405966,0.0003874563,0.0028996929,0.015193318,0.005861741,0.006031239,0.0022660408,0.000322878,0.008794505,0.00085863686,0.0022279161,0.0026958652,0.0011523789,0.0012735452,0.0061240396,0.0021684011,0.0013507803,0.002284859,0.009946216,0.0008010333,0.002415282,0.00094078435,0.0031126058,0.0010209066,0.005630891,0.005724681,0.045180403,0.0014329532,0.00043513268,0.0024160268,0.0018201806,0.00046619258,0.0043932353,0.0010805601,0.0034475636,0.005293719,0.0023515595,0.0003926923,0.003601721,0.0031931314,0.002392312,0.010050127,0.0019348458,0.0021321517,0.0027742297,0.0056080385,0.0049027028,0.0025492383,0.0034796586,GFP,False,,,,,,,,,,,,,
0.0027904895,0.002510154,0.0015765395,0.0014056342,0.0032357592,0.009358631,0.0014422986,0.0035225423,0.0030802218,0.005242197,0.002571495,0.0021448587,0.007761181,0.0019518547,0.0032965338,0.0030027754,0.0037763997,0.0181715,0.00025599083,0.013022291,0.008326458,0.008160469,0.009522395,0.0013594523,0.0027497748,0.0029674382,0.0014186968,0.0026531115,0.0029157624,0.002949232,0.020876676,0.0076602036,0.009269457,0.01956362,0.0029172522,0.0030125342,0.004920756,0.00980433,0.0048769787,0.0015644549,0.0035041452,0.001067345,0.004290111,0.005385315,0.001810018,0.0045364983,0.0035919517,0.011543987,0.008093852,0.002090309,0.014937679,0.0026672666,0.0041607977,0.007995935,0.0012976632,0.0016347996,0.005522865,0.0026799252,0.0041841744,0.000522269,0.0033349032,0.004926029,0.0034033898,0.005790118,0.007488334,0.006044486,0.0007505606,0.0036058826,0.0016414556,0.005939883,0.005876547,0.0077778497,0.009593261,0.004507122,0.00906483,0.2827121,0.00057617703,0.006383601,0.003508132,0.0021075367,0.0050307927,0.0018743521,0.008685032,0.0082953945,0.0027741527,0.01231203,0.00074692414,0.0075652944,0.0022780707,0.0036860632,0.002307853,0.0034139575,0.024917765,0.00518145,0.003533628,0.001685004,0.0050242976,0.010993414,0.0012110377,0.004618685,0.0028622358,0.0,0.0018050551,0.006200847,0.0006621094,0.002332716,0.04189467,0.0082040215,0.0008044114,0.0014244929,0.0028336523,0.0013498883,0.004498494,0.0,0.005929078,0.04233205,0.00093778886,0.002547205,0.004570979,0.004050391,0.0063606515,0.002555915,0.0027008234,0.0017096316,0.005158479,0.0027775518,0.0024277682,0.00083039864,0.0042374427,0.004992631,0.0070387786,0.0027513867,0.0024489155,0.0005360904,0.010919889,0.0026480004,0.0033191654,0.0010537284,GFP,False,,,,,,,,,,,,,
0.0016295861,0.0022124446,0.0024339529,0.008713576,0.005036099,0.003706666,0.002233723,0.0032694452,0.003740416,0.007266605,0.0019647381,0.0040598754,0.0033512467,0.0041535445,0.0026073786,0.002292465,0.00055641535,0.016844299,0.00085618853,0.014660601,0.009159589,0.0007692671,0.0031061992,0.0013599417,0.00091312174,0.0018152684,0.0030050399,0.0016770716,0.0050794925,0.002029189,0.020822616,0.001245624,0.010218169,0.015506363,0.0029000042,0.0062401323,0.0016608513,0.0045818407,0.0063318876,0.0018528375,0.0078936275,0.0014063007,0.0014232529,0.0026510712,0.00065225345,0.002186716,0.0048359754,0.005287219,0.0059467405,0.0010686299,0.0061150505,0.0042360597,0.0045439075,0.008356462,0.0034644403,0.0026764232,0.0015195786,0.0047739213,0.005165879,0.0003905595,0.0014851,0.0036984088,0.0044911164,0.0077098636,0.0076280735,0.0032248357,0.0018178422,0.0012692087,0.00061360147,0.0046650395,0.0068242596,0.0013839732,0.0037016193,0.0049895337,0.01919553,0.35647523,0.0036618367,0.0025425311,0.0065584388,0.0014410259,0.0033249066,0.0052760676,0.011212279,0.017655468,0.0024254564,0.005860099,0.009370099,0.0077234996,0.0034936098,0.0020041973,0.001141357,0.00195551,0.01375628,0.003061166,0.0044483077,0.0019224639,0.003974004,0.015786579,0.00011341277,0.007885418,0.006118438,0.0016848721,0.0003091872,0.0076015727,0.00082276965,0.0011324522,0.00965294,0.006244573,0.00023689328,0.002427305,0.0013464013,0.0026909667,0.0025323902,0.0028299664,0.0028985257,0.051082544,0.0018000578,0.0017058245,0.007268524,0.0017625798,0.0071185036,0.0050821253,0.007206621,0.0017414845,0.0018071315,0.0011652966,0.0013490019,0.00021698733,0.0009889462,0.0062743365,0.004587287,0.0016326116,0.0019245453,0.0010973292,0.0066372883,0.000677951,0.0047839885,0.0013347114,GFP,False,,,,,,,,,,,,,
0.0050845053,0.0026961735,0.0054643564,0.003466721,0.0035536683,0.0036458757,0.0020555982,0.0020363887,,0.0074442555,0.0033111768,0.0036546718,0.0032544145,0.0061137695,0.0030382043,0.0027733396,0.006174766,0.03520336,0.0024171951,0.011968674,0.026478056,0.0029999807,0.009299028,0.003063855,,0.0047313417,0.0020042062,0.0035357613,0.004182973,,0.008074134,0.0037495564,0.011732259,,,0.0033083053,0.0012552892,0.0039736107,0.010113778,0.004115985,0.00986204,0.0043622768,0.003288557,,0.0038429336,0.0017846497,0.0069839116,0.0055937828,,0.0027113631,0.0032212005,0.0038716353,0.008160153,0.026384952,0.007959736,0.0038982255,0.0039845924,0.0031173562,0.008389372,0.003256845,0.0025556122,0.00928317,0.0025832404,0.0027437347,0.0067156334,0.0043235705,0.0037917849,0.0027926292,0.0052463827,0.004188386,0.013216812,,0.005050101,0.0031028541,,0.07833792,0.0054652994,0.006444152,0.004010416,0.0024363,0.0039512785,0.0052939514,0.014893692,0.016130328,0.0041971407,0.0050990134,0.0051043755,0.0064735455,0.0025082808,0.0037395684,0.0021643823,0.0036629501,,0.0029854455,,0.003559226,0.008391711,0.0063625188,0.0021661262,0.00486062,,0.0030682092,0.0035651322,0.0029549436,0.002729345,0.0043619443,0.0041786516,0.0038219215,0.0025246711,0.0028032728,0.002665176,0.003120247,0.0043716608,0.0045730425,0.00633479,0.12971288,0.0031627412,0.0033850586,0.0027296054,0.0032809325,0.0070119672,0.0025902675,0.002658798,0.002585313,0.0045868666,0.0044620023,0.0033610037,0.004662992,0.002155215,0.00847496,0.009660507,0.0068626427,,0.004304141,,0.0034796284,0.0040552337,,GFP,False,0.003177374,0.020416547,0.0128813125,0.0039672996,0.01433444,0.004461863,0.004845884,0.007409414,0.008390244,0.0040932004,0.013556807,0.03622637,0.0115025
0.002724765,0.0031308967,0.006521516,0.002209835,0.0094924355,0.00541464,0.0029661076,0.0034036182,,0.011364416,0.0035665894,0.0027618308,0.0038741317,0.0063768835,0.004135957,0.004528786,0.004648205,0.02482541,0.005515747,0.012717855,0.016809827,0.0033378708,0.019136252,0.002511814,,0.01818465,0.003326117,0.003044989,0.0029678808,,0.007940246,0.0038828996,0.0126480535,,,0.002611818,0.0025032444,0.004965701,0.013011027,0.0037125486,0.013018874,0.008910938,0.0030212908,,0.003346956,0.0034921109,0.008759132,0.0052292678,,0.0035838326,0.0029490988,0.0059136744,0.006886642,0.017237324,0.0048008417,0.00459444,0.0049464474,0.0020957806,0.007951533,0.0037797599,0.0058778953,0.010104602,0.0027674022,0.0030899555,0.005990003,0.003140927,0.0048757605,0.0046824166,0.0034725915,0.0060497117,0.008286785,,0.0035698288,0.0044959513,,0.065037906,0.0033444867,0.004809699,0.003292101,0.0023056907,0.0023396148,0.0038187313,0.010969181,0.018593984,0.0030201308,0.0054601026,0.005478149,0.0053535476,0.003310953,0.0040188907,0.0030990895,0.0032343643,,0.0024618264,,0.0045369854,0.004087257,0.0053294944,0.003676835,0.0046907994,,0.0032563766,0.0026877383,0.003515668,0.0028443462,0.006219773,0.00415777,0.0048811445,0.0053545944,0.0034207825,0.0045319577,0.0043787286,0.0030580119,0.0032546467,0.0031513164,0.10056313,0.003306367,0.0029219666,0.0039926698,0.0033627588,0.011320019,0.0049356595,0.005237612,0.002238775,0.0045108157,0.004935684,0.004040974,0.005957103,0.0025730303,0.011125676,0.01239099,0.0055698417,,0.003578229,,0.0038345465,0.004368902,,GFP,False,0.0035821414,0.013309943,0.017781535,0.004382951,0.01074937,0.005501276,0.005632558,0.014595404,0.007952874,0.0052900533,0.017038044,0.031048479,0.01769167
0.0032732792,0.003417219,0.0058936584,0.0029884768,0.006699508,0.0038244564,0.004454618,0.0033911092,,0.0075179213,0.0028787642,0.0041565467,0.0032153605,0.0055640005,0.005280065,0.002805944,0.0042875237,0.02705918,0.003305839,0.01477316,0.015833825,0.003163458,0.017582573,0.002977467,,0.011111645,0.0040859627,0.0042770137,0.0037830875,,0.009617536,0.003034837,0.010199559,,,0.0026879816,0.0031296306,0.0032439644,0.009050065,0.0030151857,0.010351397,0.008199641,0.004051736,,0.00460436,0.0030390217,0.0073288954,0.0033640848,,0.0022535145,0.003197177,0.003746025,0.006406233,0.016919862,0.0058380314,0.0039946227,0.004892594,0.0033166169,0.0075894347,0.0034076904,0.0033475712,0.009334328,0.0034551306,0.004235396,0.004648046,0.0061000227,0.004718614,0.0048478083,0.0015849357,0.008211954,0.012924467,,0.004468307,0.0033697253,,0.073633075,0.0057057985,0.003597461,0.0026762967,0.0034675922,0.0038197425,0.003897612,0.007627363,0.027095191,0.0033142476,0.004925381,0.008425827,0.00480127,0.002673127,0.0040802197,0.0028978093,0.0049412837,,0.0030825678,,0.003443484,0.007723621,0.0020142773,0.0035354597,0.0033576647,,0.0036052421,0.004353019,0.003328478,0.0034405317,0.0046776533,0.005393515,0.0048450585,0.0042740987,0.0040544285,0.0037477878,0.004332253,0.0035624157,0.005444523,0.005860878,0.11467158,0.0049632574,0.0028627825,0.0034746602,0.0026006813,0.011911562,0.0046024323,0.0038011766,0.004239471,0.00425122,0.00388553,0.0035102111,0.006060023,0.0043189274,0.007502646,0.011742454,0.00443196,,0.0038621458,,0.0031813888,0.007918911,,GFP,False,0.0028507728,0.012361974,0.017704152,0.004354559,0.010210338,0.004469437,0.0054500117,0.008021765,0.009199474,0.0036771728,0.012798864,0.030615523,0.017509013
0.0057062455,0.0027259348,0.0045208507,0.0036280907,0.0049256864,0.0036661276,0.0031481823,0.004634164,,0.0070518595,0.0033572614,0.0034116933,0.0032974181,0.006143253,0.002977642,0.0031054523,0.0034738875,0.02845437,0.009859,0.012683463,0.014449844,0.0035440773,0.012262377,0.0063608503,,0.011505923,0.0030666855,0.0039376956,0.0027108719,,0.010265883,0.0045115747,0.012282325,,,0.0029479368,0.0029540095,0.0028516613,0.010709532,0.0036742818,0.019066587,0.0071700746,0.0019828428,,0.0032858956,0.0039907796,0.0076092216,0.0030970918,,0.0045168246,0.0052464996,0.0040923404,0.0045089824,0.015125455,0.0062266625,0.005073303,0.004514467,0.0037496332,0.0077048703,0.0035285396,0.0045755412,0.010592119,0.0029261755,0.0029869343,0.0053960388,0.004481594,0.0042348863,0.0041474095,0.0041012745,0.0074096904,0.008208648,,0.0056286543,0.004714639,,0.046551205,0.0024679685,0.0073670293,0.0035577666,0.006234816,0.0038704777,0.0039382013,0.010421229,0.023195524,0.004614041,0.005821539,0.0063912817,0.004658368,0.0023425273,0.0049924026,0.0033876135,0.0034146975,,0.0019472027,,0.002904478,0.007355225,0.0038132227,0.0035333135,0.007915013,,0.0032642991,0.003179215,0.003163586,0.0022736397,0.006615221,0.005194289,0.006159219,0.0036334037,0.005240226,0.0056155045,0.0023810822,0.002997005,0.0038119177,0.0038010401,0.113934085,0.0036211452,0.003974077,0.003793805,0.0025583585,0.0145975305,0.0034849765,0.0044176485,0.003383803,0.0048202765,0.0062169326,0.006893957,0.0044040796,0.002230131,0.0063938303,0.010566058,0.004420261,,0.003993219,,0.004393775,0.008503476,,GFP,False,0.0036822613,0.012007857,0.01902523,0.0048778774,0.010350134,0.0047941287,0.006439836,0.009131193,0.008183075,0.004388859,0.017169977,0.034584247,0.016039306
0.004834339,0.0047780722,0.0050719855,0.004181948,0.0045753024,0.0034791469,0.0033502756,0.002712718,,0.0066940626,0.0025227398,0.0036079593,0.0039555337,0.0050481223,0.0030317593,0.002309636,0.008434543,0.025679614,0.0040886714,0.010842357,0.017671375,0.0048874645,0.009035532,0.002263999,,0.0035011938,0.0026278012,0.0034075226,0.0024703813,,0.009418983,0.003525393,0.011557667,,,0.0035250816,0.0046661566,0.003793982,0.012579798,0.0043409658,0.0061613196,0.0073403246,0.003857693,,0.005430286,0.0027387626,0.008634952,0.0044202693,,0.0035827265,0.0030895,0.005153353,0.0033588782,0.015171427,0.0040474418,0.004797325,0.0036081462,0.0036303438,0.005240817,0.0042652106,0.0035701985,0.01966302,0.0030560168,0.0055014445,0.0032751556,0.0048897183,0.002958773,0.0053300983,0.004699599,0.0040036244,0.017105237,,0.0027640758,0.008736324,,0.1825293,0.0040916298,0.009401187,0.0031935526,0.0021986973,0.0031870974,0.0022821098,0.00795307,0.014768947,0.0048783803,0.006296473,0.0036139197,0.004941912,0.003044224,0.00456797,0.0027495732,0.0044818106,,0.0027867684,,0.0022277138,0.0058325613,0.01413387,0.0029608293,0.006795855,,0.003724283,0.0055710333,0.0029639679,0.002794039,0.003657361,0.006107811,0.0024024933,0.0026303355,0.0036071015,0.0056128665,0.0023715943,0.0031762877,0.0024120784,0.0039724004,0.051789217,0.0043997816,0.0040348032,0.0027593581,0.0053677643,0.003111293,0.0033921346,0.0022503254,0.002940418,0.005341415,0.0042514596,0.003998695,0.0028864564,0.0055971015,0.010259706,0.009126509,0.007044933,,0.0036513302,,0.0032518122,0.001446276,,GFP,False,0.005085499,0.02120172,0.0108266715,0.0039421064,0.008802417,0.0047017694,0.0071318545,0.0060726902,0.0048794956,0.007303776,0.014100928,0.024274616,0.0063004224
0.004559352,0.0029283161,0.0042751515,0.0030757517,0.013042787,0.0028809446,0.0053312196,0.002374645,,0.0068876334,0.005086058,0.0030826412,0.004265042,0.005975185,0.0032278106,0.0026634736,0.011857619,0.024397727,0.0029033064,0.011758148,0.014096433,0.0029595695,0.012145923,0.0024270318,,0.008194101,0.002962564,0.0046311305,0.0023498146,,0.010405567,0.0027752023,0.012984774,,,0.002956704,0.0026187052,0.0039300495,0.010456901,0.005585488,0.008185064,0.0053223935,0.005356198,,0.0034503131,0.0022881338,0.007249694,0.004003834,,0.0045874882,0.0023673333,0.003596788,0.0030646436,0.01791987,0.005046911,0.006436431,0.0035945666,0.0021726238,0.0048131174,0.004819139,0.0024429192,0.015774276,0.0040258463,0.0024478794,0.0046781995,0.0038915956,0.0051237578,0.0034660057,0.0014866843,0.0031724307,0.008515158,,0.0033461992,0.00286808,,0.16777402,0.0027026793,0.012188284,0.004357392,0.003686091,0.0015915292,0.0035031112,0.004771626,0.013511876,0.0024552632,0.004281619,0.0039183465,0.004136581,0.0020889675,0.0033043758,0.002336082,0.004757781,,0.0020177765,,0.003303586,0.007856459,0.012130661,0.0038608515,0.0039576986,,0.0032421,0.0034324266,0.0049507907,0.0038372837,0.0077965953,0.0050901375,0.0050827065,0.0044130203,0.0032455185,0.0036306991,0.0019464849,0.0040220036,0.005191573,0.00314903,0.053819478,0.003073241,0.0039068675,0.004093508,0.004071614,0.004296947,0.004936218,0.003241647,0.002862268,0.005073524,0.0037519704,0.002984781,0.0032884802,0.003935047,0.006989421,0.0075867767,0.0039752643,,0.003260523,,0.002656226,0.0055930177,,GFP,False,0.0034797667,0.015841298,0.017064827,0.0041042003,0.014868926,0.004839428,0.007968499,0.011310357,0.010907845,0.0024070935,0.017343812,0.025005657,0.020372123
0.0016627505,0.0033302875,0.0050142007,0.0052894284,0.00820149,0.0031190568,0.0032011752,0.0030260198,,0.0056115524,0.0033292652,0.003559361,0.004259752,0.007442295,0.0044746515,0.0028086689,0.010991947,0.021537608,0.0030887506,0.012495301,0.012385586,0.0046895077,0.018278198,0.003287994,,0.007763933,0.0045699053,0.0028487286,0.0025375907,,0.008201052,0.0033568363,0.013204357,,,0.004459505,0.004084461,0.004078502,0.007837234,0.003999418,0.008525631,0.0076313633,0.004844322,,0.0065891948,0.003328841,0.009108279,0.0038589132,,0.005321781,0.002865834,0.0031045275,0.0043514217,0.017953716,0.0033462232,0.006510007,0.0041522314,0.0028291289,0.0063922293,0.004216505,0.0039371243,0.020171244,0.0037380883,0.0056748535,0.006267925,0.0024955736,0.0042202035,0.0038720272,0.0025658074,0.00321169,0.0077713276,,0.0035997643,0.004186473,,0.17311062,0.0053859134,0.006443338,0.004663272,0.0029439465,0.0030240621,0.0034091228,0.007624474,0.017522722,0.004328683,0.0032254793,0.00337584,0.0050031994,0.0033907269,0.0038250017,0.0038601966,0.00805133,,0.003285669,,0.0030011334,0.0049258415,0.010669954,0.003906611,0.0038858857,,0.0029979772,0.0035283382,0.004355835,0.004279845,0.0052850046,0.004428998,0.008707548,0.0029543287,0.002511874,0.00332234,0.0030074662,0.0031294802,0.0044034016,0.0038762118,0.04524458,0.0040606037,0.0029678529,0.0026732134,0.0051314053,0.0062554837,0.0043880013,0.002581846,0.0035951782,0.004763931,0.00398133,0.005456388,0.005978776,0.0038595777,0.006032109,0.005747364,0.004267231,,0.00514036,,0.004805221,0.00464975,,GFP,False,0.005048017,0.01403348,0.012176038,0.005314957,0.01074985,0.0067740856,0.0065550692,0.008667604,0.009735701,0.004613151,0.0101848915,0.023145203,0.011101524
0.004221328,0.0034094218,0.006463859,0.0037120597,0.008858024,0.004345794,0.003168584,0.0029109477,,0.005973596,0.0025008498,0.003505609,0.002584745,0.006841489,0.0035814114,0.0030538898,0.009066403,0.025224172,0.0044459123,0.020848254,0.014365129,0.002715284,0.016621593,0.002277447,,0.013241949,0.0034239425,0.0037275997,0.0023117932,,0.008075787,0.0032178063,0.010760543,,,0.0029921373,0.00388906,0.0036517424,0.010420311,0.003497416,0.010605786,0.0040659313,0.0034756418,,0.0030967363,0.0029684966,0.0068716705,0.0039534494,,0.0049236747,0.0031298965,0.0045230994,0.0072204666,0.010691392,0.0042880364,0.007902178,0.0025641813,0.003058946,0.0036489223,0.0048015327,0.0032841314,0.009745649,0.0034202323,0.006031222,0.0047659357,0.0029424464,0.0060750553,0.0047750953,0.0026751554,0.009772759,0.010422723,,0.0029681548,0.0033049502,,0.12073957,0.0032803812,0.009384536,0.00566214,0.003825559,0.0024276993,0.002574637,0.0062555806,0.016487233,0.00210222,0.0016166791,0.0050011454,0.004082662,0.0035569256,0.0034808556,0.0017997366,0.0025466261,,0.0033831268,,0.0021537745,0.008624627,0.009627215,0.00425976,0.004391012,,0.0025063655,0.0031924972,0.0049909675,0.0022035965,0.0063615227,0.0048961765,0.0050854282,0.0038382285,0.0027394625,0.0050090635,0.004400434,0.0018025117,0.0034945311,0.0036798085,0.0960573,0.0029456362,0.0037452856,0.00354284,0.005467043,0.003186966,0.004280992,0.0038797078,0.0040556653,0.0044043805,0.0027505634,0.0024237249,0.003090555,0.0029427246,0.0060955863,0.008204458,0.0049138614,,0.005478536,,0.004976556,0.004726665,,GFP,False,0.003545316,0.014245475,0.011970522,0.0052028233,0.013807964,0.0046570036,0.0076847663,0.008058902,0.0074311346,0.016086677,0.012650877,0.030562853,0.013582915
0.0022278987,0.0053215316,0.006100272,0.002968093,0.021354806,0.005499145,0.0022750818,0.0026834463,,0.007062531,0.002320449,0.0039615138,0.0033152136,0.0021965795,0.003500974,0.0016580968,0.0035531058,0.026632609,0.0034794451,0.010991367,0.021990772,0.0026341646,0.002546052,0.0014590092,,0.004414922,0.001682565,0.004076845,0.003136766,,0.011914926,0.0019903986,0.0067179403,,,0.0038105086,0.0031187937,0.001417876,0.0038401582,0.0037890002,0.0069055827,0.0016857473,0.0022568828,,0.00069401116,0.0014972608,0.0031400935,0.010692489,,0.0025617841,0.0026090427,0.0015751636,0.01387945,0.01674509,0.0050259433,0.0037050573,0.010703763,0.0018336856,0.0034655593,0.0013855182,0.000667566,0.003990128,0.0022136797,0.002815997,0.0024865265,0.0024977706,0.0013330587,0.0059696925,0.00057321286,0.002291459,0.004676355,,0.0028943792,0.0026480763,,0.25343922,0.002621784,0.00171232,0.0012102097,0.00035861833,0.0012913872,0.0009109111,0.011010726,0.017105265,0.0011198265,0.0032655373,0.0035385182,0.003530334,0.0026300002,0.0020777436,0.0024457094,0.0037178928,,0.0,,0.0052615902,0.009487895,0.0033193543,0.0038841397,0.008906001,,0.0022183224,0.0012799999,0.000866371,0.0010221883,0.0002536661,0.011303538,0.0061391164,0.0036325762,0.0023714341,0.0016750619,0.0040243315,0.008661817,0.0020523372,0.004859822,0.048554976,0.0020062788,0.0047711,0.0025483377,0.003478643,0.02605458,0.002125595,0.0010445715,0.002103936,0.0054822164,0.0047360524,0.0015323249,0.0042214217,0.0022058182,0.011882226,0.010480227,0.0017522933,,0.0035998581,,0.0017186953,0.016038036,,GFP,False,0.0034057074,0.008624475,0.014582822,0.006868403,0.01288867,0.0030768455,0.0032999704,0.017929418,0.0076459586,0.0017892031,0.0045862747,0.03282786,0.011868775
0.0053081517,0.0018324361,0.01023006,0.002117734,0.0048074103,0.0032167607,0.0036902777,0.0035156521,,0.0051578754,0.0020935747,0.002584164,0.0020381082,0.005208401,0.00359391,0.0037284123,0.0031474764,0.022073261,0.0018749546,0.009829841,0.025349904,0.0012286777,0.009307018,0.0061017424,,0.035549466,0.0015042333,0.0008542958,0.0010167711,,0.008298641,0.0025744413,0.0079604,,,0.0013430833,0.0015153997,0.0036746815,0.0038814903,0.0053146896,0.01432232,0.0035899202,0.0046414724,,0.0018536431,0.0035831232,0.0056679086,0.001855109,,0.0015833767,0.004033417,0.002869846,0.005160408,0.018189019,0.0049748938,0.008971159,0.001471166,0.0048328084,0.005109481,0.0018801711,0.0015840066,0.012373191,0.00089684525,0.0029340356,0.0031360753,0.0028007969,0.0024946514,0.0030252847,0.0042592725,0.0057203094,0.0042748675,,0.001878624,0.0013796929,,0.19396612,0.001150113,0.0036608598,0.0025330626,0.003726294,0.0015880195,0.011508842,0.010036361,0.023340363,0.0063448763,0.00365856,0.006799134,0.008015902,0.0017166486,0.0028565482,0.0024465495,0.0024805975,,0.00462702,,0.0046561584,0.008159173,0.0036270195,0.0015481362,0.0018209455,,0.003782672,0.0035056577,0.0015920347,0.0044108233,0.003102144,0.0054696836,0.0042224904,0.015070854,0.004077563,0.0065483837,0.0056415377,0.0008996422,0.002216165,0.002446328,0.06409461,0.00090350595,0.0021581089,0.00266717,0.0029008142,0.012916015,0.0033033455,0.0012072735,0.0052006473,0.006583559,0.00226589,0.0016625843,0.003298853,0.0024268378,0.009331026,0.016905364,0.002645186,,0.0029655104,,0.0046602273,0.009740974,,GFP,False,0.0010392715,0.015514912,0.010350228,0.007337781,0.017283592,0.0021483712,0.0044672205,0.011530332,0.0066910028,0.0027476074,0.014523888,0.016778884,0.005625869
0.004560406,0.0015503891,0.009773882,0.0029170895,0.008238084,0.0024034616,0.0021638658,0.0035592143,,0.01865589,0.0015652592,0.0012148131,0.002279513,0.007404414,0.001356136,0.0,0.0040215743,0.020971166,0.003336991,0.008920008,0.019834515,0.0028769511,0.0060718004,0.00799619,,0.014394057,0.0024958102,0.0018937734,0.00091438723,,0.0075804526,0.004196677,0.007618488,,,0.019559499,0.0035094859,0.0015545312,0.0047663734,0.0027506605,0.012077535,0.004991663,0.0069115176,,0.0009466181,0.0018466763,0.004232214,0.004510796,,0.0008059435,0.0029555892,0.0029957416,0.0047468045,0.009122198,0.006102102,0.0024012055,0.0037017455,0.0027506084,0.004987178,0.0011080975,0.0016771605,0.0067171496,0.0010115397,0.008452176,0.0029636042,0.004214126,0.0026659535,0.004683047,0.0024196499,0.004814332,0.0060323295,,0.0014468455,0.0023932825,,0.21250395,0.0010484027,0.0014164469,0.002496668,0.003297205,0.006946507,0.0014170284,0.01099449,0.02983092,0.0020560022,0.0039950637,0.0035414402,0.009379226,0.0014666538,0.0019287608,0.0008772087,0.002547805,,0.0034799387,,0.0007712449,0.0043052565,0.0046674036,0.0014492854,0.010405357,,0.0020593405,0.00269382,0.002399442,0.0008507377,0.0038032706,0.008735844,0.0102868425,0.0030654746,0.0023720928,0.0035026881,0.005675757,0.002185647,0.00506448,0.0025068524,0.06534756,0.0020730356,0.0042337165,0.003471228,0.0015573251,0.011670392,0.0024993115,0.0022415176,0.010351897,0.008892416,0.0035584804,0.0033639376,0.0035390605,0.0023370213,0.007765133,0.024951763,0.002652529,,0.0075825276,,0.0031412928,0.0025597701,,GFP,False,0.0019224484,0.013358388,0.012158263,0.0051758345,0.022134157,0.008086348,0.0057169334,0.0050317505,0.0022245937,0.0,0.005816779,0.0154889785,0.01347985
0.0038257616,0.0021109183,0.008854769,0.002259014,0.0026870032,0.0038445308,0.002741483,0.0040079225,,0.0048083193,0.0031642301,0.0015562322,0.0031624294,0.008166073,0.0017259126,0.0022248966,0.0027074108,0.02084951,0.0019219023,0.0075723385,0.020139882,0.0029117311,0.0074254707,0.0014669998,,0.021190695,0.0029466671,0.0024026774,0.004257284,,0.01410622,0.00916538,0.0057495036,,,0.00267755,0.008395855,0.005808539,0.004438269,0.0021848367,0.012622419,0.0048586857,0.0033861615,,0.0071978765,0.0009690697,0.0022971297,0.0071964804,,0.0026424401,0.0024660234,0.0019287419,0.003355218,0.008420972,0.006001393,0.0057105715,0.012350058,0.0038075985,0.0061024413,0.0031075797,0.0028809577,0.008489607,0.0019505934,0.021770895,0.0038220275,0.001535786,0.0021393027,0.009522791,0.0022840628,0.008044979,0.004883639,,0.0052483175,0.0014531274,,0.20960571,0.0019649877,0.003493924,0.003976753,0.0026834328,0.0033114348,0.0036936705,0.011575364,0.021432607,0.0017650045,0.0026028368,0.0025517615,0.0055497107,0.0010841375,0.0042102346,0.0020053561,0.0012880774,,0.006367232,,0.0010537065,0.0037804497,0.0007624286,0.0027843374,0.0055343052,,0.0059326775,0.0034396779,0.0059263417,0.0036098105,0.0030701745,0.015744913,0.005303651,0.0028248155,0.002772399,0.0021946125,0.00314159,0.008938024,0.0039351117,0.003049137,0.052161813,0.0020604918,0.0034278082,0.007950201,0.001567861,0.00964765,0.0027737,0.002572952,0.00668451,0.004386612,0.0026481065,0.005025476,0.0023643195,0.0035973727,0.0051126615,0.020210944,0.0036680948,,0.008400473,,0.0047042756,0.011982473,,GFP,False,0.0021968223,0.017286941,0.0104209315,0.0038832142,0.004530606,0.0016253052,0.005723425,0.0036264863,0.006661917,0.0064838533,0.008734271,0.012327888,0.01068498
0.0013757854,0.003449112,0.0039766855,0.0022767999,0.0048518023,0.0049283244,0.0010610942,0.0015661208,,0.0017121288,0.004972824,0.0022426601,0.0034996278,0.0035885298,0.0046498184,0.0012525475,0.0059867953,0.020947766,0.0034568065,0.009692271,0.017257072,0.0017529874,0.0052038836,0.0026071966,,0.014052639,0.0028117425,0.0010751064,0.002144538,,0.022544796,0.0039027208,0.007967462,,,0.0072498554,0.0020069554,0.0028658235,0.010403363,0.0027534305,0.003866434,0.005973439,0.0030382208,,0.004367022,0.0006068507,0.0065713534,0.0018658311,,0.0020452545,0.0017957932,0.0046091597,0.005755305,0.016186971,0.0021720065,0.0030105955,0.01327106,0.00055347115,0.0047196024,0.0041825227,0.0012451963,0.0072874064,0.0027191837,0.0034734753,0.0026311483,0.0009212693,0.002653929,0.0018370864,0.00029397564,0.0017270113,0.0065090526,,0.00194933,0.003650282,,0.27218494,0.0019162706,0.0071332776,0.0022734425,0.001388737,0.0050670714,0.0006771926,0.005938839,0.010621669,0.0042812736,0.0024588443,0.0036304998,0.0029646084,0.0022705786,0.0047044945,0.0022265958,0.0038896985,,0.004004123,,0.0026924878,0.0044427947,0.008102768,0.0018597265,0.006183522,,0.0019113026,0.0038456817,0.0024180594,0.0019769112,0.0027609335,0.00307556,0.0072936355,0.006718846,0.0017583263,0.0021293024,0.0013255359,0.00430134,0.0016145443,0.0017957962,0.045405768,0.003472932,0.0034500598,0.001207099,0.0059336578,0.030879349,0.0011857146,0.00060699566,0.0023457287,0.0057224343,0.0020844033,0.0015154928,0.0016905165,0.002221514,0.014340351,0.028489642,0.003225652,,0.002066503,,0.002547379,0.008806052,,GFP,False,0.0027496538,0.012872523,0.008025431,0.0037358317,0.0064367414,0.003960574,0.01217778,0.006052077,0.0018219347,0.004495802,0.0064036297,0.036977995,0.009677126
0.0012798151,0.0015168505,0.0046091387,0.001975585,0.0023038706,0.004843499,0.0036525705,0.0034214992,,0.0044322917,0.00081371045,0.000851554,0.004420051,0.00603039,0.005650568,0.0026526412,0.007080534,0.018750641,0.0015053207,0.0099421665,0.012791018,0.004505961,0.004109042,0.00067013985,,0.009001295,0.003062761,0.0014681667,0.0017016411,,0.0149622755,0.0035854387,0.0062277317,,,0.004359798,0.003292965,0.0025329662,0.0033556109,0.0027129038,0.0075891637,0.006510674,0.005624528,,0.0025456923,0.0035298227,0.005537692,0.0032214497,,0.0058447327,0.0034028331,0.0036443537,0.006649739,0.016247451,0.0051451693,0.00784762,0.004478833,0.0015098591,0.0031177388,0.0014327697,0.0003980122,0.009052189,0.0015528301,0.0037035863,0.0020708817,0.013623738,0.0025321287,0.0020866138,0.0028071105,0.0037731326,0.0056328075,,0.001742719,0.001952932,,0.23172408,0.0013461575,0.0031904737,0.0021940346,0.0031622304,0.0025911957,0.0005685341,0.007161782,0.013830772,0.0029319772,0.0021490827,0.0042672465,0.005468356,0.0025470275,0.0044829682,0.0026208085,0.004744357,,0.0016513492,,0.0044098245,0.006230137,0.00252173,0.002674607,0.002748136,,0.0037987304,0.0024169895,0.009158923,0.0018868123,0.004451124,0.007524413,0.0048942454,0.007542732,0.006261545,0.0030795329,0.004173984,0.004714044,0.0042886827,0.004560462,0.046784792,0.0066317506,0.0027743576,0.003952084,0.0035280427,0.004774982,0.006579904,0.0,0.009546913,0.006499303,0.0010244417,0.005597865,0.0043250923,0.0028814925,0.015913408,0.02544078,0.0029170841,,0.006347034,,0.0023886836,0.008587941,,GFP,False,0.002426259,0.014555929,0.00754221,0.0016827332,0.008757097,0.0016738719,0.005824572,0.01340303,0.0074577588,0.0022472136,0.016642066,0.044404376,0.014036679
0.0018580937,0.0029138427,0.0064468095,0.0019377437,0.0025959716,0.002860947,0.0030781848,0.004364379,,0.0085108,0.0027209467,0.0011379379,0.0025517663,0.0038077887,0.002632734,0.0039963666,0.0084235445,0.017592797,0.0005999519,0.011293816,0.02003808,0.002275311,0.007429861,0.0028623962,,0.005624792,0.0036765758,0.0032405902,0.001587247,,0.01474675,0.004443501,0.008388726,,,0.002129512,0.0034253087,0.0049717412,0.004077526,0.002368968,0.0071508596,0.0056566875,0.00448703,,0.00298735,0.0005339773,0.003028065,0.0049054907,,0.006354394,0.0030284245,0.0026736294,0.0066284332,0.008963621,0.003941655,0.006391038,0.0044244505,0.0009651162,0.0044441144,0.0035971957,0.0040526586,0.014403951,0.0011643759,0.002730129,0.003444449,0.0013479788,0.0012652415,0.0014644827,0.0024090002,0.0038631158,0.0042942087,,0.001995684,0.0027520347,,0.267785,0.001985529,0.00702013,0.0052009816,0.006230265,0.002983759,0.0010586104,0.009012692,0.013278662,0.0012401543,0.003065623,0.0019320877,0.005321154,0.0022319749,0.0014964754,0.0042363335,0.001945411,,0.0062652873,,0.001824889,0.00722163,0.0046423357,0.0014822496,0.0031967652,,0.0032871338,0.0014771563,0.006733993,0.0016959577,0.0063270438,0.008672869,0.008751153,0.0028696018,0.0021095558,0.0019668897,0.0025916614,0.0014847122,0.0020686025,0.0019479564,0.04205698,0.0049832733,0.0017484837,0.0055797077,0.003542838,0.01435844,0.0022075577,0.0070689158,0.006155106,0.006554845,0.0006432462,0.0011389354,0.00084849924,0.0041580168,0.014148634,0.027075475,0.0036388854,,0.0010991703,,0.004225452,0.010816908,,GFP,False,0.0018023514,0.013822512,0.00919784,0.0028123474,0.008884206,0.0054396377,0.0056225318,0.009589674,0.0038110733,0.0006134069,0.0068496424,0.030532425,0.020370534
0.005265938,0.0062237578,0.0055680145,0.0004401189,0.004097824,0.003802374,0.0050695785,0.0045859334,,0.0033639201,0.002134582,0.0008356526,0.0016091913,0.00521204,0.00419779,0.004781449,0.008224403,0.020473555,0.0033058422,0.010371174,0.014997769,0.0019322766,0.0056389673,0.005305783,,0.0063308836,0.0035434393,0.0023863832,0.0046384516,,0.012384546,0.0022710585,0.006964475,,,0.001767172,0.00042202914,0.0040834416,0.0120805055,0.0028351317,0.008428382,0.0038511523,0.002204688,,0.002142065,0.0026917804,0.012403722,0.0034125284,,0.00415196,0.005554502,0.0020827216,0.008761783,0.0062257964,0.004290097,0.006461138,0.002811692,0.0010848534,0.004002117,0.004133857,0.0012266957,0.009701961,0.002388644,0.008037895,0.002725477,0.002530047,0.003879343,0.0038831355,0.0055464995,0.005369362,0.015328818,,0.0024723054,0.004676434,,0.22980404,0.001143014,0.0033733787,0.006292985,0.0011095385,0.0026383384,0.0037858356,0.008155795,0.012357447,0.002836899,0.0021427313,0.0012869886,0.0048172316,0.0024472543,0.005013473,0.0018104721,0.003141935,,0.0036658628,,0.0006578901,0.0059595257,0.003040362,0.0055470997,0.001066456,,0.0021929506,0.0061778016,0.008822363,0.0010343583,0.0048289895,0.0049987044,0.008539784,0.002013765,0.0015536154,0.002165954,0.004965191,0.0005990701,0.0039856615,0.0030907416,0.049039453,0.0023050664,0.0034478917,0.004719555,0.0024107262,0.008590266,0.005325692,0.0019454662,0.0056579146,0.0038930322,0.0035447476,0.0018738308,0.0026158066,0.002588087,0.013968222,0.022676278,0.0027750435,,0.0013710478,,0.0034732544,0.008651814,,GFP,False,0.01860488,0.011374275,0.009647819,0.0034166581,0.009012595,0.007343058,0.0063220197,0.0066048787,0.00671323,0.009208131,0.012752915,0.03377074,0.0076852185
